timestamp,alarm_type,site_id,severity,temperature,duration_minutes
2025-03-08 08:41:28.869261,Config Change,Site_6,Major,32.6,94
2025-03-08 09:03:30.787425,Link Down,Site_7,Critical,24.0,23
2025-03-08 12:00:56.901749,Packet Loss,Site_7,Major,38.9,40
2025-03-08 14:46:24.156590,High CPU,Site_14,Critical,26.5,150
2025-03-08 19:01:28.068556,Authentication Failure,Site_2,Minor,37.4,85
2025-03-08 20:34:11.663169,High CPU,Site_10,Info,28.0,144
2025-03-08 20:47:29.475151,Memory Overflow,Site_2,Major,34.8,176
2025-03-08 21:40:18.608570,Packet Loss,Site_6,Minor,28.8,86
2025-03-08 22:45:47.374840,Temperature Alert,Site_5,Major,35.5,169
2025-03-09 00:09:43.247090,Link Down,Site_20,Critical,34.1,101
2025-03-09 00:33:54.663446,Authentication Failure,Site_13,Major,21.3,114
2025-03-09 04:18:03.629712,Packet Loss,Site_14,Major,30.1,69
2025-03-09 11:56:00.343645,Config Change,Site_10,Warning,34.4,81
2025-03-09 12:01:58.834710,High CPU,Site_5,Info,39.2,36
2025-03-09 14:41:08.799417,High CPU,Site_10,Warning,30.7,17
2025-03-09 15:25:54.005512,Authentication Failure,Site_1,Major,23.2,57
2025-03-09 16:51:41.968368,Authentication Failure,Site_13,Info,33.4,170
2025-03-09 18:28:09.024513,Authentication Failure,Site_11,Warning,30.6,131
2025-03-10 01:08:13.250481,Temperature Alert,Site_10,Warning,19.7,115
2025-03-10 03:15:32.430172,Memory Overflow,Site_12,Info,20.0,139
2025-03-10 06:42:08.991408,Latency Spike,Site_6,Info,26.5,78
2025-03-10 07:13:38.469368,High CPU,Site_19,Major,22.8,133
2025-03-10 08:44:18.835586,Packet Loss,Site_16,Critical,25.6,144
2025-03-10 11:59:16.150025,Authentication Failure,Site_18,Warning,34.9,164
2025-03-10 12:21:07.989977,Config Change,Site_17,Minor,22.7,151
2025-03-10 12:34:23.963917,Authentication Failure,Site_15,Warning,28.0,114
2025-03-10 17:35:11.268897,Link Down,Site_11,Minor,23.0,54
2025-03-10 18:00:00.046031,High CPU,Site_11,Major,18.1,150
2025-03-10 18:24:26.032142,Authentication Failure,Site_6,Major,31.8,4
2025-03-10 19:35:31.001925,High CPU,Site_13,Warning,19.8,163
2025-03-10 23:27:20.761159,Power Issue,Site_20,Info,24.9,43
2025-03-11 03:22:36.262669,Memory Overflow,Site_5,Info,37.0,166
2025-03-11 04:12:30.256439,Config Change,Site_4,Minor,34.9,59
2025-03-11 04:38:05.224959,Memory Overflow,Site_11,Critical,32.9,169
2025-03-11 04:57:27.986855,Interface Flapping,Site_16,Critical,23.5,138
2025-03-11 05:40:52.526553,Power Issue,Site_19,Major,22.9,159
2025-03-11 05:44:54.995592,Memory Overflow,Site_11,Critical,27.8,12
2025-03-11 10:34:29.382287,Temperature Alert,Site_5,Critical,28.8,172
2025-03-11 10:37:30.423531,High CPU,Site_8,Info,25.0,18
2025-03-11 11:04:14.867270,Memory Overflow,Site_8,Info,31.7,63
2025-03-11 16:30:44.492931,Interface Flapping,Site_8,Critical,29.4,136
2025-03-11 20:22:53.341773,Temperature Alert,Site_16,Major,31.1,130
2025-03-11 21:57:06.065032,Power Issue,Site_11,Minor,30.6,23
2025-03-11 21:59:04.263946,Latency Spike,Site_13,Minor,33.1,73
2025-03-11 22:39:24.210452,Memory Overflow,Site_6,Info,27.8,151
2025-03-12 01:39:09.189654,Authentication Failure,Site_11,Info,28.5,125
2025-03-12 04:26:47.005825,Config Change,Site_16,Major,32.8,36
2025-03-12 04:56:15.817686,Packet Loss,Site_10,Critical,33.4,160
2025-03-12 06:21:27.295119,Memory Overflow,Site_20,Critical,34.1,71
2025-03-12 06:29:00.652972,Temperature Alert,Site_1,Warning,22.1,63
2025-03-12 08:48:25.235897,Latency Spike,Site_12,Minor,22.6,165
2025-03-12 10:08:46.218691,Power Issue,Site_6,Info,28.9,173
2025-03-12 13:21:59.531316,Interface Flapping,Site_19,Minor,29.8,93
2025-03-12 14:06:43.841479,Memory Overflow,Site_16,Critical,31.5,107
2025-03-12 14:54:15.094818,Power Issue,Site_20,Info,31.6,91
2025-03-12 17:14:35.857318,Config Change,Site_3,Minor,24.7,57
2025-03-12 19:28:18.560093,Config Change,Site_6,Info,30.2,43
2025-03-12 20:56:51.445411,Link Down,Site_18,Info,25.4,78
2025-03-13 00:45:38.791411,Power Issue,Site_13,Minor,30.6,155
2025-03-13 08:54:18.850769,High CPU,Site_13,Minor,28.2,164
2025-03-13 12:01:03.208028,Interface Flapping,Site_3,Minor,33.2,133
2025-03-13 15:11:36.524969,High CPU,Site_6,Major,26.5,148
2025-03-13 17:11:16.106885,Temperature Alert,Site_9,Warning,22.2,11
2025-03-13 18:35:58.236057,Authentication Failure,Site_8,Warning,18.0,79
2025-03-13 20:44:03.728165,Config Change,Site_11,Major,18.6,58
2025-03-13 21:30:56.650025,Memory Overflow,Site_5,Warning,32.0,71
2025-03-13 21:45:52.723541,Authentication Failure,Site_19,Warning,21.0,71
2025-03-14 02:03:56.171374,Interface Flapping,Site_19,Info,26.3,143
2025-03-14 04:25:01.232291,Link Down,Site_1,Critical,32.2,12
2025-03-14 07:54:37.792265,Temperature Alert,Site_2,Major,29.8,38
2025-03-14 10:45:58.714277,Temperature Alert,Site_3,Minor,22.3,178
2025-03-14 20:15:06.107267,Temperature Alert,Site_19,Critical,18.6,28
2025-03-14 23:23:58.969406,Latency Spike,Site_3,Minor,31.2,148
2025-03-15 01:10:12.059715,Latency Spike,Site_16,Warning,28.0,69
2025-03-15 06:26:22.236796,Power Issue,Site_19,Minor,27.2,70
2025-03-15 07:32:19.171838,Latency Spike,Site_17,Critical,22.7,156
2025-03-15 07:59:33.815588,Config Change,Site_19,Major,33.4,92
2025-03-15 10:39:06.633558,Memory Overflow,Site_7,Minor,22.6,139
2025-03-15 11:46:44.745167,Latency Spike,Site_10,Info,34.3,21
2025-03-15 12:00:17.646979,Config Change,Site_3,Warning,34.6,88
2025-03-15 13:29:00.289268,Temperature Alert,Site_2,Major,36.0,175
2025-03-15 15:04:52.974597,Latency Spike,Site_10,Warning,26.7,151
2025-03-15 16:36:36.745609,Temperature Alert,Site_9,Major,23.4,107
2025-03-15 18:38:58.876770,High CPU,Site_10,Major,25.7,35
2025-03-15 19:38:22.567173,Memory Overflow,Site_2,Major,26.5,176
2025-03-15 19:59:43.984150,Authentication Failure,Site_4,Major,28.2,46
2025-03-16 00:33:09.122867,Config Change,Site_1,Minor,21.6,81
2025-03-16 01:24:37.274823,Power Issue,Site_18,Warning,19.6,179
2025-03-16 01:53:21.407831,Packet Loss,Site_1,Major,23.7,120
2025-03-16 05:51:53.548062,High CPU,Site_19,Warning,22.7,145
2025-03-16 06:04:39.324684,Memory Overflow,Site_19,Critical,20.5,129
2025-03-16 08:22:28.521322,Temperature Alert,Site_1,Major,18.6,21
2025-03-16 09:15:22.233993,Interface Flapping,Site_13,Major,30.8,124
2025-03-16 10:16:22.609245,Temperature Alert,Site_15,Info,27.4,98
2025-03-16 13:46:00.463899,Link Down,Site_10,Info,26.0,74
2025-03-16 16:07:19.789022,Packet Loss,Site_10,Critical,19.2,72
2025-03-16 18:36:33.682726,Link Down,Site_20,Minor,18.2,128
2025-03-16 21:12:23.514940,Memory Overflow,Site_13,Major,28.7,156
2025-03-16 22:46:13.616870,Authentication Failure,Site_20,Warning,23.2,93
2025-03-17 00:14:07.574094,Packet Loss,Site_11,Minor,19.9,143
2025-03-17 02:42:13.899331,Config Change,Site_6,Warning,22.8,81
2025-03-17 03:53:57.945787,Temperature Alert,Site_3,Critical,25.0,48
2025-03-17 07:28:01.493359,Link Down,Site_3,Critical,23.3,156
2025-03-17 07:51:27.514478,Packet Loss,Site_3,Critical,26.4,144
2025-03-17 07:58:55.372039,Memory Overflow,Site_2,Major,37.3,83
2025-03-17 12:16:58.928781,Latency Spike,Site_3,Major,29.1,40
2025-03-17 14:35:42.520015,Temperature Alert,Site_17,Info,28.7,10
2025-03-17 15:27:12.072064,Temperature Alert,Site_12,Major,23.6,6
2025-03-17 18:40:41.925679,Power Issue,Site_8,Major,28.8,174
2025-03-17 21:14:55.422901,Authentication Failure,Site_11,Minor,23.7,115
2025-03-17 23:49:54.596780,Memory Overflow,Site_15,Critical,30.0,151
2025-03-18 06:13:16.545401,Authentication Failure,Site_16,Minor,38.5,123
2025-03-18 06:40:54.733390,Packet Loss,Site_1,Major,33.2,142
2025-03-18 08:13:53.243939,Latency Spike,Site_15,Major,20.8,1
2025-03-18 11:01:07.896449,Power Issue,Site_8,Warning,26.8,28
2025-03-18 12:19:54.959373,Config Change,Site_6,Warning,22.1,8
2025-03-18 12:46:59.778812,Temperature Alert,Site_15,Minor,30.5,123
2025-03-18 12:47:32.195857,High CPU,Site_13,Info,24.3,12
2025-03-18 14:32:14.537896,Latency Spike,Site_13,Info,28.6,27
2025-03-18 17:27:27.232678,Interface Flapping,Site_6,Minor,26.4,33
2025-03-18 17:27:46.828217,Interface Flapping,Site_4,Warning,34.5,26
2025-03-18 18:20:46.854326,High CPU,Site_4,Info,31.4,30
2025-03-18 18:33:30.321860,Interface Flapping,Site_16,Info,35.8,172
2025-03-18 20:32:32.941785,Interface Flapping,Site_6,Critical,35.0,87
2025-03-18 21:56:19.059736,Temperature Alert,Site_5,Major,34.9,157
2025-03-19 09:43:35.689105,High CPU,Site_20,Major,22.6,109
2025-03-19 11:47:20.527627,Power Issue,Site_9,Critical,30.0,45
2025-03-19 12:29:06.901182,Packet Loss,Site_1,Major,18.9,26
2025-03-19 13:08:48.190599,Config Change,Site_4,Info,24.2,97
2025-03-19 13:50:49.396340,Temperature Alert,Site_4,Info,30.6,3
2025-03-19 19:49:26.315145,Config Change,Site_1,Warning,28.1,23
2025-03-19 21:11:32.198916,Interface Flapping,Site_8,Minor,19.2,52
2025-03-19 21:47:27.569814,Temperature Alert,Site_5,Major,34.2,28
2025-03-19 22:06:45.564564,Config Change,Site_1,Major,24.7,2
2025-03-20 01:23:13.760516,Config Change,Site_15,Major,23.3,27
2025-03-20 01:36:10.361303,Power Issue,Site_9,Major,34.2,157
2025-03-20 01:49:00.378163,Temperature Alert,Site_12,Major,22.2,148
2025-03-20 02:14:10.110655,Link Down,Site_11,Info,34.1,155
2025-03-20 03:10:58.367684,Packet Loss,Site_11,Info,19.2,123
2025-03-20 06:08:49.901262,Link Down,Site_19,Major,30.9,88
2025-03-20 09:35:03.841995,Temperature Alert,Site_16,Major,36.6,32
2025-03-20 11:13:39.253236,High CPU,Site_20,Minor,18.4,106
2025-03-20 11:51:25.290191,Memory Overflow,Site_20,Critical,34.7,9
2025-03-20 12:23:17.342611,Temperature Alert,Site_12,Major,24.1,151
2025-03-20 13:52:37.366319,Link Down,Site_17,Major,30.5,174
2025-03-20 19:21:24.452167,Latency Spike,Site_4,Minor,32.5,171
2025-03-20 23:55:38.214318,High CPU,Site_6,Warning,31.0,135
2025-03-21 01:50:57.572232,Authentication Failure,Site_7,Warning,30.3,6
2025-03-21 03:44:31.677349,Config Change,Site_7,Info,22.6,174
2025-03-21 08:30:55.448268,Config Change,Site_16,Minor,30.4,104
2025-03-21 09:02:59.485421,Config Change,Site_3,Warning,30.5,159
2025-03-21 09:50:44.369649,High CPU,Site_17,Warning,33.9,58
2025-03-21 10:21:21.107576,Memory Overflow,Site_17,Minor,31.8,165
2025-03-21 12:23:03.124421,Interface Flapping,Site_18,Major,28.1,44
2025-03-21 14:19:39.657553,Power Issue,Site_18,Major,20.3,138
2025-03-21 14:21:54.869304,Temperature Alert,Site_10,Minor,30.5,175
2025-03-21 21:07:48.778123,Authentication Failure,Site_3,Critical,21.5,107
2025-03-21 21:29:22.869976,Link Down,Site_1,Minor,32.1,119
2025-03-22 04:22:02.261410,Interface Flapping,Site_8,Info,34.1,169
2025-03-22 06:58:25.284583,Power Issue,Site_8,Info,18.3,167
2025-03-22 07:03:13.859543,Interface Flapping,Site_9,Critical,25.0,125
2025-03-22 08:25:10.016072,Latency Spike,Site_14,Critical,24.9,89
2025-03-22 08:50:01.685484,Interface Flapping,Site_10,Major,28.4,4
2025-03-22 12:42:39.240115,Latency Spike,Site_13,Info,23.4,131
2025-03-22 12:53:27.553558,Temperature Alert,Site_16,Major,24.1,35
2025-03-22 14:01:38.743890,Power Issue,Site_9,Info,20.8,31
2025-03-22 18:37:13.921083,Power Issue,Site_14,Major,24.1,168
2025-03-22 20:07:19.728132,Authentication Failure,Site_13,Warning,29.4,46
2025-03-22 21:27:50.054797,Config Change,Site_7,Critical,31.9,124
2025-03-22 23:04:50.224468,Power Issue,Site_14,Major,29.4,100
2025-03-23 00:58:15.118071,Authentication Failure,Site_8,Info,24.4,140
2025-03-23 01:30:33.812068,Link Down,Site_18,Major,20.4,157
2025-03-23 02:02:25.547967,Temperature Alert,Site_5,Major,30.8,46
2025-03-23 07:50:03.706218,Authentication Failure,Site_11,Minor,22.8,164
2025-03-23 11:36:49.276152,Config Change,Site_18,Minor,30.2,132
2025-03-23 12:35:05.823837,Latency Spike,Site_2,Critical,39.1,159
2025-03-23 13:05:02.990365,High CPU,Site_3,Warning,21.1,176
2025-03-23 13:50:53.624043,Memory Overflow,Site_3,Warning,34.3,150
2025-03-23 15:46:57.654700,Power Issue,Site_10,Info,18.4,151
2025-03-23 16:07:19.567256,Packet Loss,Site_15,Minor,34.5,25
2025-03-24 00:39:44.938834,Authentication Failure,Site_20,Critical,30.7,179
2025-03-24 04:36:33.587076,Interface Flapping,Site_20,Minor,32.8,46
2025-03-24 04:56:04.543338,Latency Spike,Site_6,Major,33.5,159
2025-03-24 05:34:04.301420,High CPU,Site_13,Info,24.6,177
2025-03-24 08:28:39.236891,Memory Overflow,Site_2,Major,33.4,125
2025-03-24 08:57:19.878519,Temperature Alert,Site_11,Critical,21.6,68
2025-03-24 11:55:11.274936,Latency Spike,Site_4,Info,26.3,8
2025-03-24 11:57:09.361198,Config Change,Site_19,Major,29.8,153
2025-03-24 12:47:57.340135,Packet Loss,Site_9,Critical,21.6,127
2025-03-24 16:38:32.395311,Config Change,Site_2,Info,33.9,21
2025-03-24 17:52:40.247237,Link Down,Site_16,Minor,39.2,39
2025-03-24 17:56:13.421638,Packet Loss,Site_16,Minor,28.3,173
2025-03-24 19:08:52.511309,Config Change,Site_15,Critical,29.1,83
2025-03-25 01:00:30.461280,Packet Loss,Site_19,Critical,20.6,154
2025-03-25 01:13:34.094738,High CPU,Site_18,Critical,22.4,163
2025-03-25 02:24:46.287696,Config Change,Site_8,Minor,33.4,105
2025-03-25 02:49:54.919984,Memory Overflow,Site_18,Warning,21.8,101
2025-03-25 05:22:52.252064,Packet Loss,Site_16,Minor,26.6,30
2025-03-25 06:14:26.763245,Temperature Alert,Site_1,Info,21.5,87
2025-03-25 06:52:40.472812,Power Issue,Site_8,Warning,20.9,153
2025-03-25 08:23:14.620540,Config Change,Site_12,Warning,27.5,27
2025-03-25 09:30:13.193342,Config Change,Site_12,Minor,23.3,34
2025-03-25 15:54:31.264554,Config Change,Site_13,Major,26.2,67
2025-03-25 21:38:42.224319,Authentication Failure,Site_15,Critical,29.5,177
2025-03-25 21:40:54.681228,Interface Flapping,Site_14,Major,25.2,176
2025-03-25 22:11:12.986762,Packet Loss,Site_16,Warning,34.7,62
2025-03-26 06:12:10.274756,Config Change,Site_10,Major,23.6,58
2025-03-26 09:54:50.195187,Memory Overflow,Site_2,Major,23.1,175
2025-03-26 09:58:06.720692,Power Issue,Site_18,Info,20.5,14
2025-03-26 10:41:22.586821,Memory Overflow,Site_17,Info,18.9,44
2025-03-26 11:23:35.734937,Memory Overflow,Site_11,Warning,18.8,72
2025-03-26 18:14:49.667408,Memory Overflow,Site_11,Minor,25.6,22
2025-03-26 18:16:58.278220,Power Issue,Site_4,Info,18.8,180
2025-03-26 19:32:04.524855,High CPU,Site_2,Critical,29.7,124
2025-03-26 22:20:46.001535,Interface Flapping,Site_1,Minor,25.9,15
2025-03-26 23:34:36.060342,Temperature Alert,Site_7,Critical,23.6,15
2025-03-27 03:02:02.232035,Power Issue,Site_10,Info,27.8,107
2025-03-27 04:11:05.358554,Power Issue,Site_8,Info,27.7,89
2025-03-27 04:45:48.812155,Temperature Alert,Site_10,Critical,26.5,50
2025-03-27 07:52:38.733857,Authentication Failure,Site_11,Warning,32.9,49
2025-03-27 08:42:53.170303,Power Issue,Site_15,Warning,19.6,68
2025-03-27 09:11:15.976858,Temperature Alert,Site_13,Critical,31.3,134
2025-03-27 09:24:53.478358,Temperature Alert,Site_16,Minor,32.0,10
2025-03-27 12:50:40.139880,Memory Overflow,Site_15,Critical,22.3,57
2025-03-27 13:27:12.227341,Power Issue,Site_12,Info,34.6,7
2025-03-27 15:56:04.213532,Memory Overflow,Site_8,Warning,29.6,110
2025-03-27 16:09:49.646756,Memory Overflow,Site_8,Minor,27.6,22
2025-03-27 22:09:51.179800,Authentication Failure,Site_8,Minor,32.1,25
2025-03-27 22:33:43.285871,Memory Overflow,Site_7,Info,29.8,153
2025-03-27 22:57:44.491177,Power Issue,Site_17,Warning,28.4,126
2025-03-28 01:12:13.935100,Power Issue,Site_7,Minor,20.0,175
2025-03-28 02:57:33.022459,Temperature Alert,Site_10,Major,22.7,8
2025-03-28 04:41:36.722161,Packet Loss,Site_11,Critical,27.5,137
2025-03-28 05:25:37.919893,Config Change,Site_2,Warning,30.0,102
2025-03-28 07:01:27.419585,Latency Spike,Site_15,Critical,28.5,157
2025-03-28 10:40:44.993317,Latency Spike,Site_7,Minor,25.6,97
2025-03-28 11:30:56.813585,Authentication Failure,Site_16,Warning,38.5,83
2025-03-28 11:37:06.169099,Latency Spike,Site_17,Warning,18.7,18
2025-03-28 12:22:06.807218,High CPU,Site_20,Info,27.8,51
2025-03-28 16:19:54.821907,Power Issue,Site_9,Critical,34.4,109
2025-03-28 22:14:53.486329,Latency Spike,Site_3,Critical,30.9,89
2025-03-29 02:34:29.815929,Authentication Failure,Site_5,Warning,29.7,179
2025-03-29 05:19:52.614144,Memory Overflow,Site_4,Warning,26.1,115
2025-03-29 09:08:53.880034,Authentication Failure,Site_6,Major,27.8,129
2025-03-29 11:50:04.850245,Packet Loss,Site_8,Critical,32.5,134
2025-03-29 14:36:08.935969,Latency Spike,Site_14,Info,34.3,129
2025-03-29 16:02:23.965521,Config Change,Site_1,Minor,24.9,29
2025-03-30 07:00:10.336226,Memory Overflow,Site_17,Warning,21.2,119
2025-03-30 07:33:32.298400,Packet Loss,Site_10,Warning,33.9,108
2025-03-30 07:36:56.605113,Link Down,Site_10,Warning,18.3,133
2025-03-30 08:16:57.705185,Latency Spike,Site_20,Minor,27.0,134
2025-03-30 08:50:00.919762,Link Down,Site_12,Warning,21.4,57
2025-03-30 09:05:03.889314,Packet Loss,Site_12,Major,30.1,116
2025-03-30 11:05:09.903182,Link Down,Site_11,Info,30.0,148
2025-03-30 13:30:38.574979,Packet Loss,Site_17,Major,31.8,156
2025-03-30 16:01:27.348546,Packet Loss,Site_17,Warning,19.0,40
2025-03-30 16:16:00.406119,Link Down,Site_4,Major,19.7,170
2025-03-30 17:25:39.981950,Memory Overflow,Site_12,Minor,25.9,98
2025-03-30 22:59:02.959023,Temperature Alert,Site_16,Major,27.9,85
2025-03-31 01:27:49.179328,Temperature Alert,Site_5,Major,39.9,30
2025-03-31 02:40:40.180916,High CPU,Site_3,Info,28.2,82
2025-03-31 04:26:11.059293,Latency Spike,Site_17,Minor,31.7,107
2025-03-31 04:27:41.988015,Packet Loss,Site_14,Major,22.8,130
2025-03-31 09:47:34.359313,Temperature Alert,Site_12,Critical,19.2,126
2025-03-31 10:04:35.025184,Config Change,Site_6,Minor,28.8,42
2025-03-31 13:01:57.016933,Memory Overflow,Site_14,Info,34.6,114
2025-03-31 14:55:04.090140,Interface Flapping,Site_12,Minor,19.5,102
2025-03-31 15:34:30.168214,High CPU,Site_4,Major,23.9,116
2025-03-31 17:45:11.061587,High CPU,Site_7,Minor,21.0,74
2025-03-31 20:02:35.757751,Config Change,Site_9,Info,34.9,4
2025-04-01 00:24:44.617715,Authentication Failure,Site_1,Critical,29.9,16
2025-04-01 00:55:03.881844,High CPU,Site_11,Info,23.3,129
2025-04-01 02:39:02.208973,Packet Loss,Site_15,Warning,22.4,165
2025-04-01 06:58:52.928426,Temperature Alert,Site_6,Critical,24.1,118
2025-04-01 07:41:00.071463,High CPU,Site_19,Info,22.3,41
2025-04-01 08:17:54.555299,Link Down,Site_4,Minor,22.9,144
2025-04-01 09:00:24.696088,Authentication Failure,Site_3,Info,27.6,11
2025-04-01 10:29:30.590509,Interface Flapping,Site_17,Minor,18.5,138
2025-04-01 10:30:42.160868,Authentication Failure,Site_4,Minor,26.5,120
2025-04-01 12:27:53.642854,Power Issue,Site_8,Warning,24.2,25
2025-04-01 12:55:16.179014,Packet Loss,Site_6,Warning,33.3,74
2025-04-01 16:07:06.947303,Config Change,Site_13,Info,21.0,83
2025-04-01 20:19:33.305103,Authentication Failure,Site_2,Minor,26.6,56
2025-04-02 02:52:49.269298,High CPU,Site_17,Major,24.7,1
2025-04-02 03:45:07.287637,High CPU,Site_9,Warning,23.3,69
2025-04-02 06:36:48.072645,Memory Overflow,Site_7,Minor,20.5,142
2025-04-02 11:41:50.105473,Config Change,Site_4,Major,22.1,120
2025-04-02 13:27:19.833752,Latency Spike,Site_12,Warning,34.3,172
2025-04-02 18:08:48.774782,Temperature Alert,Site_11,Major,28.0,97
2025-04-03 01:56:32.688010,Power Issue,Site_10,Critical,19.3,40
2025-04-03 13:51:03.721958,Interface Flapping,Site_3,Warning,32.4,176
2025-04-03 13:52:11.894738,Temperature Alert,Site_10,Major,20.7,59
2025-04-03 15:45:16.728506,Power Issue,Site_20,Info,34.1,167
2025-04-03 20:55:24.290076,Power Issue,Site_17,Critical,23.1,83
2025-04-03 21:22:21.728436,Link Down,Site_14,Info,23.1,48
2025-04-03 22:36:21.694148,Packet Loss,Site_19,Critical,30.8,121
2025-04-04 01:44:34.638486,Latency Spike,Site_7,Critical,32.3,143
2025-04-04 09:09:47.606919,High CPU,Site_14,Warning,23.5,43
2025-04-04 12:26:37.976074,High CPU,Site_20,Minor,33.0,110
2025-04-04 14:42:22.691891,Config Change,Site_1,Warning,28.5,110
2025-04-04 16:26:31.421996,Authentication Failure,Site_3,Major,24.3,155
2025-04-04 16:37:56.213027,Latency Spike,Site_13,Minor,23.7,79
2025-04-04 20:18:27.825030,Power Issue,Site_5,Minor,25.6,31
2025-04-04 20:45:51.074189,Link Down,Site_11,Minor,18.7,144
2025-04-05 01:46:24.938743,Temperature Alert,Site_2,Major,31.5,17
2025-04-05 03:35:09.075067,Latency Spike,Site_2,Warning,30.8,119
2025-04-05 03:46:07.848256,Config Change,Site_1,Info,22.4,142
2025-04-05 06:23:30.942145,Packet Loss,Site_12,Minor,21.0,149
2025-04-05 08:02:34.181499,Authentication Failure,Site_14,Critical,34.3,84
2025-04-05 13:26:51.044642,Power Issue,Site_17,Warning,23.4,52
2025-04-05 16:14:48.566720,Memory Overflow,Site_4,Major,33.7,144
2025-04-05 17:33:47.499470,Memory Overflow,Site_10,Major,28.6,72
2025-04-05 22:37:34.898937,Authentication Failure,Site_16,Major,36.0,138
2025-04-05 23:57:10.885964,Temperature Alert,Site_10,Critical,21.7,5
2025-04-05 23:57:56.359394,Config Change,Site_6,Warning,25.4,144
2025-04-06 03:12:53.639121,Latency Spike,Site_17,Minor,32.7,120
2025-04-06 07:23:59.425589,Authentication Failure,Site_9,Major,28.0,164
2025-04-06 18:23:55.232587,Temperature Alert,Site_15,Info,30.1,148
2025-04-06 21:05:10.001591,Latency Spike,Site_12,Major,33.7,46
2025-04-06 22:29:17.276667,Interface Flapping,Site_5,Minor,36.3,67
2025-04-06 22:36:27.792950,Temperature Alert,Site_10,Info,32.6,7
2025-04-07 03:04:40.004287,Interface Flapping,Site_13,Warning,19.7,17
2025-04-07 03:44:23.015254,Authentication Failure,Site_11,Warning,33.0,51
2025-04-07 04:42:11.649860,Temperature Alert,Site_19,Critical,34.7,72
2025-04-07 05:26:43.981546,Power Issue,Site_3,Info,25.9,73
2025-04-07 09:25:30.346442,Link Down,Site_1,Warning,27.6,122
2025-04-07 13:45:58.415880,Authentication Failure,Site_3,Info,24.5,14
2025-04-07 15:05:00.303875,Config Change,Site_11,Warning,30.8,86
2025-04-07 19:28:28.787554,Interface Flapping,Site_9,Critical,27.0,92
2025-04-07 19:28:52.364990,Link Down,Site_19,Major,32.8,20
2025-04-07 20:05:00.107716,Power Issue,Site_13,Major,26.2,61
2025-04-07 22:24:23.290018,Temperature Alert,Site_14,Info,29.4,102
2025-04-07 23:47:57.219804,Temperature Alert,Site_4,Minor,18.4,79
2025-04-08 00:36:03.716107,Temperature Alert,Site_16,Major,35.4,103
2025-04-08 00:55:57.983722,Power Issue,Site_2,Minor,35.9,131
2025-04-08 01:06:16.131543,Interface Flapping,Site_3,Major,32.0,78
2025-04-08 01:56:42.089442,Config Change,Site_16,Info,23.7,37
2025-04-08 05:56:32.085019,Memory Overflow,Site_14,Info,32.9,114
2025-04-08 08:59:13.492901,Power Issue,Site_2,Minor,33.7,152
2025-04-08 09:32:14.079098,Temperature Alert,Site_8,Major,24.9,169
2025-04-08 11:24:06.988680,Power Issue,Site_4,Major,30.0,44
2025-04-08 11:54:59.958349,Temperature Alert,Site_2,Major,23.3,57
2025-04-08 13:33:50.577208,Authentication Failure,Site_17,Critical,18.0,169
2025-04-08 13:40:29.579814,Link Down,Site_12,Minor,26.8,170
2025-04-08 15:53:31.133485,Config Change,Site_2,Minor,25.5,171
2025-04-08 16:29:40.955860,Latency Spike,Site_12,Critical,24.9,20
2025-04-08 17:59:17.298094,Packet Loss,Site_18,Critical,18.9,63
2025-04-08 18:10:47.480640,Authentication Failure,Site_5,Minor,30.2,150
2025-04-08 22:02:07.121218,Temperature Alert,Site_16,Warning,38.9,73
2025-04-08 22:15:43.545402,Temperature Alert,Site_2,Major,39.0,59
2025-04-09 00:04:06.453335,Latency Spike,Site_19,Critical,21.7,28
2025-04-09 02:22:49.431918,High CPU,Site_9,Major,33.1,144
2025-04-09 06:55:29.532547,Packet Loss,Site_7,Minor,31.1,14
2025-04-09 07:49:19.342802,Temperature Alert,Site_7,Info,22.8,52
2025-04-09 09:22:44.096828,High CPU,Site_14,Major,28.8,69
2025-04-09 09:27:10.247805,Memory Overflow,Site_14,Info,21.3,137
2025-04-09 10:09:47.061110,Power Issue,Site_11,Minor,22.5,156
2025-04-09 10:16:30.458018,Memory Overflow,Site_9,Critical,31.1,98
2025-04-09 18:40:31.851148,Temperature Alert,Site_16,Major,35.0,113
2025-04-09 18:41:09.857464,Power Issue,Site_14,Major,25.5,30
2025-04-09 18:44:30.048572,Memory Overflow,Site_3,Warning,28.3,134
2025-04-09 19:41:42.190624,Link Down,Site_1,Major,34.9,161
2025-04-09 22:37:53.480352,Packet Loss,Site_1,Minor,19.6,153
2025-04-09 23:00:40.676904,Config Change,Site_8,Info,34.7,124
2025-04-10 00:16:19.898307,Temperature Alert,Site_15,Warning,32.8,150
2025-04-10 01:26:04.750641,Power Issue,Site_1,Minor,33.7,82
2025-04-10 05:14:22.702997,Latency Spike,Site_12,Critical,24.3,54
2025-04-10 07:10:47.856055,Link Down,Site_14,Info,27.3,91
2025-04-10 08:16:26.450951,Config Change,Site_3,Major,23.7,5
2025-04-10 08:25:04.988346,Link Down,Site_18,Warning,21.4,110
2025-04-10 08:50:21.145056,Memory Overflow,Site_18,Info,26.5,13
2025-04-10 09:38:55.296792,Config Change,Site_9,Critical,27.1,53
2025-04-10 12:05:59.299130,Authentication Failure,Site_10,Minor,33.2,128
2025-04-10 15:19:21.066190,Interface Flapping,Site_4,Warning,32.1,119
2025-04-10 16:52:10.321622,Temperature Alert,Site_3,Major,32.2,4
2025-04-10 17:34:14.583923,Temperature Alert,Site_5,Major,27.3,126
2025-04-10 23:22:13.969152,Power Issue,Site_18,Major,27.2,19
2025-04-11 01:31:06.081519,Packet Loss,Site_19,Major,25.4,159
2025-04-11 02:52:52.401042,Authentication Failure,Site_13,Info,31.4,21
2025-04-11 05:05:23.969761,Authentication Failure,Site_17,Warning,29.6,102
2025-04-11 08:52:06.499158,Temperature Alert,Site_18,Major,22.1,48
2025-04-11 19:24:58.537299,Temperature Alert,Site_8,Warning,24.5,135
2025-04-11 20:13:57.658610,High CPU,Site_8,Major,34.7,47
2025-04-11 22:25:36.051975,Memory Overflow,Site_8,Critical,20.0,155
2025-04-12 04:23:53.669755,Latency Spike,Site_17,Major,30.4,177
2025-04-12 04:58:29.952735,Power Issue,Site_7,Major,28.6,151
2025-04-12 11:33:12.281444,Power Issue,Site_9,Major,25.6,26
2025-04-12 18:51:13.393325,Authentication Failure,Site_6,Minor,29.4,137
2025-04-13 08:58:08.457812,Temperature Alert,Site_15,Major,24.4,151
2025-04-13 09:45:31.162067,Interface Flapping,Site_1,Critical,20.4,136
2025-04-13 13:29:38.292743,Link Down,Site_3,Info,27.4,8
2025-04-13 15:02:05.446038,Power Issue,Site_3,Major,24.2,28
2025-04-13 17:34:22.955133,Config Change,Site_10,Critical,20.8,145
2025-04-13 19:07:04.422892,Memory Overflow,Site_7,Info,20.2,129
2025-04-13 19:17:01.853992,Authentication Failure,Site_5,Info,27.0,156
2025-04-13 19:27:50.203421,Latency Spike,Site_13,Warning,27.4,91
2025-04-13 20:06:25.968624,Temperature Alert,Site_3,Info,24.7,61
2025-04-13 21:08:28.629354,High CPU,Site_10,Warning,30.7,22
2025-04-13 22:23:47.128369,Packet Loss,Site_11,Info,33.2,52
2025-04-14 00:10:43.576473,Memory Overflow,Site_20,Critical,27.2,161
2025-04-14 05:11:47.316293,Temperature Alert,Site_2,Major,30.4,62
2025-04-14 06:23:30.861998,Temperature Alert,Site_12,Info,34.4,9
2025-04-14 07:08:19.205378,Config Change,Site_7,Warning,33.7,70
2025-04-14 10:05:37.776079,Temperature Alert,Site_20,Major,32.4,143
2025-04-14 15:10:54.215834,Temperature Alert,Site_12,Info,28.7,55
2025-04-14 16:24:59.319667,Config Change,Site_10,Info,34.1,38
2025-04-14 17:12:57.169781,Config Change,Site_12,Warning,19.1,159
2025-04-14 18:39:43.228357,High CPU,Site_10,Minor,31.3,140
2025-04-14 22:23:01.617095,Power Issue,Site_3,Minor,21.2,44
2025-04-15 02:57:49.860839,High CPU,Site_4,Critical,32.2,4
2025-04-15 05:48:26.733599,Authentication Failure,Site_3,Major,33.5,11
2025-04-15 07:55:39.703228,Packet Loss,Site_7,Minor,23.0,143
2025-04-15 08:20:23.637126,Temperature Alert,Site_16,Major,38.3,90
2025-04-15 09:01:20.190088,Temperature Alert,Site_18,Critical,27.4,95
2025-04-15 14:24:25.089104,High CPU,Site_6,Warning,24.3,67
2025-04-15 16:19:28.126376,High CPU,Site_3,Minor,33.7,125
2025-04-15 16:52:07.564418,High CPU,Site_19,Warning,23.8,129
2025-04-15 18:17:30.753234,Memory Overflow,Site_19,Major,33.1,4
2025-04-15 19:20:40.318338,Memory Overflow,Site_18,Info,30.6,83
2025-04-15 20:03:53.363745,Temperature Alert,Site_14,Minor,21.6,149
2025-04-16 00:02:09.396166,Memory Overflow,Site_7,Major,19.6,163
2025-04-16 07:56:22.711982,Power Issue,Site_10,Warning,20.7,127
2025-04-16 09:17:31.298349,Interface Flapping,Site_2,Critical,35.9,135
2025-04-16 09:35:40.400605,Packet Loss,Site_14,Minor,34.0,26
2025-04-16 15:18:33.661269,Latency Spike,Site_8,Critical,22.0,175
2025-04-17 01:47:01.294199,Memory Overflow,Site_7,Warning,26.6,104
2025-04-17 10:39:52.208380,Authentication Failure,Site_1,Info,22.6,128
2025-04-17 12:58:22.753954,Authentication Failure,Site_18,Info,22.4,128
2025-04-17 13:41:08.005765,Interface Flapping,Site_14,Info,30.0,52
2025-04-17 14:41:54.384642,Authentication Failure,Site_20,Warning,20.2,117
2025-04-17 19:09:30.230526,Latency Spike,Site_14,Minor,32.5,90
2025-04-17 20:51:02.535274,Power Issue,Site_16,Major,28.0,112
2025-04-17 20:57:42.551317,Interface Flapping,Site_3,Info,22.2,53
2025-04-17 22:13:45.492138,Power Issue,Site_17,Major,23.3,24
2025-04-17 23:54:49.293032,Temperature Alert,Site_16,Major,26.9,179
2025-04-18 01:14:57.112655,High CPU,Site_14,Major,20.5,38
2025-04-18 02:29:21.850072,Packet Loss,Site_11,Critical,21.1,9
2025-04-18 07:23:47.113874,Temperature Alert,Site_7,Major,25.2,60
2025-04-18 07:49:27.391000,High CPU,Site_17,Critical,19.2,126
2025-04-18 09:03:08.721888,Link Down,Site_11,Critical,32.8,174
2025-04-18 13:06:51.196055,Packet Loss,Site_11,Major,19.0,16
2025-04-18 13:21:23.746049,High CPU,Site_9,Minor,31.6,138
2025-04-18 15:42:09.678267,Memory Overflow,Site_9,Major,31.6,139
2025-04-18 17:32:21.856111,Config Change,Site_11,Info,25.3,133
2025-04-18 18:03:49.070426,Config Change,Site_7,Warning,26.8,152
2025-04-18 18:19:16.683987,Memory Overflow,Site_19,Critical,31.2,68
2025-04-18 18:24:03.808015,Temperature Alert,Site_15,Major,21.3,56
2025-04-18 20:21:32.024075,Link Down,Site_9,Warning,28.4,85
2025-04-18 21:13:42.863132,Latency Spike,Site_14,Critical,20.0,51
2025-04-18 21:22:47.828143,Latency Spike,Site_1,Minor,20.3,160
2025-04-18 22:59:00.681682,Power Issue,Site_6,Minor,32.0,19
2025-04-19 03:03:38.074575,High CPU,Site_2,Info,39.1,150
2025-04-19 03:23:15.152739,Link Down,Site_4,Minor,19.0,29
2025-04-19 04:46:49.286636,Memory Overflow,Site_7,Info,21.7,10
2025-04-19 05:30:17.698676,Authentication Failure,Site_18,Warning,19.1,153
2025-04-19 05:32:45.435976,Authentication Failure,Site_4,Critical,26.6,116
2025-04-19 05:37:01.947726,Authentication Failure,Site_17,Info,23.5,37
2025-04-19 07:55:45.564222,Packet Loss,Site_12,Warning,33.9,12
2025-04-19 07:57:46.723625,Latency Spike,Site_12,Critical,29.6,58
2025-04-19 09:44:22.826407,Link Down,Site_15,Major,22.3,148
2025-04-19 12:24:56.228308,Interface Flapping,Site_2,Warning,38.6,10
2025-04-19 14:35:11.060456,Power Issue,Site_20,Major,28.3,170
2025-04-19 14:59:48.060352,Temperature Alert,Site_2,Major,38.3,156
2025-04-19 18:22:54.065153,High CPU,Site_19,Warning,28.5,38
2025-04-20 02:20:32.497619,Interface Flapping,Site_19,Critical,32.3,96
2025-04-20 06:48:31.946045,High CPU,Site_14,Major,21.4,118
2025-04-20 08:58:55.573269,Power Issue,Site_16,Critical,26.1,21
2025-04-20 11:42:38.986121,Packet Loss,Site_8,Critical,34.8,179
2025-04-20 12:30:46.833499,Packet Loss,Site_20,Info,23.3,11
2025-04-20 19:28:24.639509,Authentication Failure,Site_20,Warning,32.3,71
2025-04-20 22:58:40.408921,Authentication Failure,Site_18,Warning,21.3,106
2025-04-20 23:28:05.448960,Temperature Alert,Site_16,Major,29.8,131
2025-04-21 01:45:54.751912,Interface Flapping,Site_2,Info,32.0,155
2025-04-21 02:42:52.716847,Interface Flapping,Site_6,Minor,24.6,86
2025-04-21 04:14:58.740389,Temperature Alert,Site_2,Major,29.7,173
2025-04-21 07:30:21.063540,High CPU,Site_2,Warning,29.2,58
2025-04-21 10:08:05.948320,Authentication Failure,Site_13,Minor,18.2,18
2025-04-21 13:32:03.331372,Temperature Alert,Site_14,Info,18.5,73
2025-04-21 13:44:10.575525,Interface Flapping,Site_20,Critical,21.1,180
2025-04-21 13:58:06.278682,Latency Spike,Site_2,Major,31.4,44
2025-04-21 18:41:59.006950,Packet Loss,Site_4,Info,25.7,112
2025-04-21 19:28:15.742234,Memory Overflow,Site_15,Minor,25.0,94
2025-04-21 21:08:32.394587,Temperature Alert,Site_3,Info,24.2,111
2025-04-21 22:56:33.551594,Power Issue,Site_3,Major,19.5,101
2025-04-22 02:40:48.116072,Link Down,Site_1,Major,34.7,118
2025-04-22 04:02:03.117130,Config Change,Site_19,Critical,25.2,107
2025-04-22 04:09:07.720588,Latency Spike,Site_10,Warning,28.6,54
2025-04-22 04:21:49.373854,Interface Flapping,Site_15,Info,26.4,16
2025-04-22 04:58:12.534213,High CPU,Site_3,Minor,18.0,7
2025-04-22 08:04:20.318780,Memory Overflow,Site_7,Minor,22.5,43
2025-04-22 08:29:49.776441,Power Issue,Site_3,Warning,22.0,114
2025-04-22 09:19:46.276347,Config Change,Site_4,Minor,21.0,34
2025-04-22 15:03:45.019008,Latency Spike,Site_18,Major,20.7,91
2025-04-22 16:05:22.713078,Temperature Alert,Site_8,Minor,33.2,180
2025-04-22 17:44:27.279028,Memory Overflow,Site_10,Critical,22.8,7
2025-04-22 20:21:50.299703,Power Issue,Site_4,Warning,19.1,166
2025-04-23 02:19:52.276721,Link Down,Site_18,Minor,34.1,82
2025-04-23 02:52:43.269679,Authentication Failure,Site_14,Warning,18.3,58
2025-04-23 03:28:33.802383,Link Down,Site_2,Major,25.6,51
2025-04-23 05:42:12.550451,Config Change,Site_12,Warning,19.9,79
2025-04-23 08:01:26.623354,Latency Spike,Site_14,Major,22.0,6
2025-04-23 13:07:22.456282,Latency Spike,Site_10,Warning,21.7,107
2025-04-23 13:49:05.224261,Power Issue,Site_8,Critical,27.3,64
2025-04-23 14:15:06.675349,Latency Spike,Site_13,Info,19.5,31
2025-04-23 14:48:25.293033,High CPU,Site_2,Critical,36.4,134
2025-04-23 16:45:43.424459,Memory Overflow,Site_2,Major,25.6,107
2025-04-23 17:04:23.453562,Latency Spike,Site_17,Warning,22.6,90
2025-04-23 19:03:14.923148,Link Down,Site_8,Minor,25.4,170
2025-04-24 01:13:26.544069,Authentication Failure,Site_12,Warning,25.2,158
2025-04-24 01:54:55.009316,Power Issue,Site_6,Major,32.1,144
2025-04-24 04:06:56.718590,Interface Flapping,Site_6,Critical,32.6,74
2025-04-24 05:26:18.348057,High CPU,Site_18,Warning,26.8,145
2025-04-24 08:21:22.575582,Memory Overflow,Site_18,Critical,34.7,130
2025-04-24 08:58:30.533721,Interface Flapping,Site_16,Minor,38.5,143
2025-04-24 14:54:17.374012,Power Issue,Site_11,Warning,20.3,44
2025-04-24 15:21:06.981524,Link Down,Site_17,Warning,31.2,20
2025-04-24 19:24:42.502519,Power Issue,Site_18,Major,21.6,14
2025-04-24 19:31:40.062693,Interface Flapping,Site_1,Major,21.9,46
2025-04-24 23:07:31.525243,Packet Loss,Site_1,Minor,29.1,139
2025-04-24 23:14:05.602061,Memory Overflow,Site_17,Major,33.2,26
2025-04-25 00:55:58.570997,Authentication Failure,Site_14,Critical,32.5,162
2025-04-25 01:15:40.583435,Power Issue,Site_17,Critical,32.5,37
2025-04-25 01:31:37.801976,Memory Overflow,Site_4,Warning,26.6,105
2025-04-25 03:47:15.841975,Temperature Alert,Site_2,Info,33.8,68
2025-04-25 05:49:38.926070,Packet Loss,Site_10,Major,29.2,58
2025-04-25 06:00:10.481033,Packet Loss,Site_15,Minor,31.2,176
2025-04-25 09:35:37.304473,Temperature Alert,Site_16,Major,39.0,163
2025-04-25 12:19:06.631985,High CPU,Site_18,Major,20.1,59
2025-04-25 16:28:54.524999,Memory Overflow,Site_18,Minor,23.6,51
2025-04-26 01:05:37.629888,Authentication Failure,Site_1,Minor,29.5,127
2025-04-26 01:32:45.127426,Config Change,Site_9,Critical,27.7,30
2025-04-26 03:50:41.827461,Authentication Failure,Site_17,Minor,20.8,63
2025-04-26 05:46:29.312053,Latency Spike,Site_12,Minor,27.3,175
2025-04-26 06:50:42.589374,Temperature Alert,Site_2,Major,29.9,27
2025-04-26 09:39:22.461294,Interface Flapping,Site_2,Major,35.2,113
2025-04-26 10:27:59.465064,Config Change,Site_13,Critical,26.1,6
2025-04-26 11:06:38.387985,Memory Overflow,Site_16,Warning,29.8,26
2025-04-26 12:51:10.269147,Latency Spike,Site_11,Minor,24.6,12
2025-04-26 13:03:51.063877,Latency Spike,Site_10,Minor,34.9,120
2025-04-26 14:22:18.026916,Latency Spike,Site_15,Info,29.2,156
2025-04-26 16:49:36.995697,Config Change,Site_11,Critical,31.4,168
2025-04-26 17:12:42.550454,Temperature Alert,Site_15,Critical,20.2,168
2025-04-26 18:13:18.708846,Power Issue,Site_3,Critical,31.2,86
2025-04-26 20:38:20.925968,Authentication Failure,Site_20,Minor,20.3,169
2025-04-26 21:06:43.341334,Authentication Failure,Site_17,Minor,19.5,152
2025-04-26 21:49:32.678878,Temperature Alert,Site_16,Major,24.8,160
2025-04-26 22:31:08.488713,Config Change,Site_20,Info,19.1,23
2025-04-27 02:08:37.825192,Config Change,Site_17,Warning,25.3,85
2025-04-27 04:48:38.569098,Power Issue,Site_4,Major,25.6,145
2025-04-27 07:29:51.880983,Interface Flapping,Site_5,Minor,25.2,10
2025-04-27 11:06:45.975941,Packet Loss,Site_15,Critical,25.9,116
2025-04-27 16:00:25.762568,Latency Spike,Site_9,Critical,34.5,119
2025-04-27 19:20:20.928137,Temperature Alert,Site_11,Major,28.7,58
2025-04-27 19:55:26.674725,Packet Loss,Site_14,Minor,33.8,10
2025-04-27 20:36:43.964593,Interface Flapping,Site_14,Major,30.8,51
2025-04-28 03:17:46.088799,Interface Flapping,Site_8,Warning,30.1,24
2025-04-28 04:16:28.996978,Authentication Failure,Site_1,Minor,21.4,99
2025-04-28 04:23:04.513624,Packet Loss,Site_4,Major,30.4,27
2025-04-28 06:09:25.840334,Link Down,Site_6,Warning,22.9,148
2025-04-28 07:05:00.802003,Interface Flapping,Site_14,Critical,24.4,78
2025-04-28 11:00:32.238557,Memory Overflow,Site_20,Critical,20.2,49
2025-04-28 11:52:13.320402,Link Down,Site_12,Critical,20.1,167
2025-04-28 13:32:15.206217,Authentication Failure,Site_15,Major,25.6,138
2025-04-28 15:02:31.330456,Latency Spike,Site_9,Major,19.0,31
2025-04-28 18:58:08.853773,Config Change,Site_9,Major,21.5,164
2025-04-29 01:46:30.110832,Config Change,Site_10,Info,31.9,161
2025-04-29 04:07:58.118098,Power Issue,Site_2,Info,30.8,107
2025-04-29 04:14:32.285960,Power Issue,Site_2,Info,30.7,177
2025-04-29 04:38:14.476710,Config Change,Site_14,Warning,34.8,89
2025-04-29 06:22:39.961123,Power Issue,Site_9,Warning,18.6,26
2025-04-29 09:34:15.313888,Latency Spike,Site_8,Info,31.6,165
2025-04-29 11:31:34.876272,High CPU,Site_3,Info,26.5,80
2025-04-29 16:15:45.138683,Power Issue,Site_2,Major,29.6,7
2025-04-29 18:28:19.483820,High CPU,Site_18,Critical,27.7,106
2025-04-29 22:01:20.646331,High CPU,Site_7,Major,29.7,145
2025-04-29 22:44:13.810854,Memory Overflow,Site_7,Minor,22.1,134
2025-04-29 22:59:43.990035,Temperature Alert,Site_6,Minor,31.1,3
2025-04-30 02:00:53.249112,Memory Overflow,Site_20,Warning,19.0,107
2025-04-30 02:22:49.306277,Temperature Alert,Site_16,Major,28.7,60
2025-04-30 04:24:36.452467,Interface Flapping,Site_2,Critical,26.3,137
2025-04-30 08:15:38.120908,Latency Spike,Site_2,Warning,31.3,107
2025-04-30 10:04:14.309603,Config Change,Site_16,Warning,23.2,20
2025-04-30 10:05:13.752467,Temperature Alert,Site_13,Minor,21.8,77
2025-04-30 13:40:20.591888,Temperature Alert,Site_15,Critical,24.6,167
2025-04-30 14:13:57.067825,Interface Flapping,Site_8,Info,30.2,148
2025-04-30 18:02:01.104637,Packet Loss,Site_14,Minor,31.8,70
2025-04-30 18:56:19.358687,Temperature Alert,Site_16,Info,38.3,15
2025-04-30 19:27:55.764761,Config Change,Site_15,Major,34.7,6
2025-04-30 21:41:03.169368,High CPU,Site_1,Warning,34.0,100
2025-04-30 22:10:39.765303,Link Down,Site_5,Info,23.9,156
2025-04-30 22:52:05.179601,Packet Loss,Site_5,Major,29.9,105
2025-04-30 23:44:58.815408,Packet Loss,Site_16,Minor,38.0,118
2025-05-01 00:44:40.962094,Link Down,Site_5,Info,29.1,129
2025-05-01 02:16:16.952376,Config Change,Site_12,Critical,30.5,63
2025-05-01 02:36:03.163493,Power Issue,Site_8,Critical,26.6,141
2025-05-01 02:50:18.562100,Interface Flapping,Site_7,Major,24.9,125
2025-05-01 06:37:38.405627,High CPU,Site_14,Minor,18.1,109
2025-05-01 06:38:36.957769,Memory Overflow,Site_14,Minor,27.5,2
2025-05-01 07:28:01.811350,Config Change,Site_7,Minor,34.3,123
2025-05-01 08:22:11.052726,Latency Spike,Site_13,Minor,33.5,96
2025-05-01 08:33:11.053945,Packet Loss,Site_13,Warning,34.1,162
2025-05-01 10:22:05.341084,High CPU,Site_4,Warning,26.6,8
2025-05-01 19:35:12.308296,Memory Overflow,Site_4,Critical,34.8,104
2025-05-01 21:27:08.510991,Link Down,Site_18,Major,24.7,143
2025-05-01 23:30:45.554918,Latency Spike,Site_1,Warning,30.1,111
2025-05-02 04:52:54.219803,High CPU,Site_13,Critical,31.6,166
2025-05-02 04:54:59.676807,Config Change,Site_12,Minor,33.4,43
2025-05-02 05:18:30.297709,Memory Overflow,Site_10,Critical,22.6,144
2025-05-02 09:54:16.906356,Memory Overflow,Site_20,Minor,20.4,62
2025-05-02 11:34:08.824467,Memory Overflow,Site_11,Minor,22.6,55
2025-05-02 15:01:07.304487,Authentication Failure,Site_13,Minor,28.0,122
2025-05-02 16:14:05.524191,Temperature Alert,Site_18,Warning,20.6,58
2025-05-02 17:07:11.060652,Interface Flapping,Site_14,Info,32.2,74
2025-05-02 20:06:46.228749,High CPU,Site_2,Major,31.3,124
2025-05-02 21:44:41.025251,Temperature Alert,Site_5,Major,23.8,66
2025-05-02 22:12:24.567772,Config Change,Site_16,Warning,26.8,49
2025-05-02 23:48:46.196726,Link Down,Site_8,Info,28.8,42
2025-05-03 00:28:40.966668,Packet Loss,Site_8,Critical,28.3,151
2025-05-03 04:24:09.163043,Packet Loss,Site_17,Major,32.7,106
2025-05-03 05:54:26.129710,Memory Overflow,Site_10,Critical,35.0,74
2025-05-03 11:18:33.269852,Memory Overflow,Site_9,Minor,18.6,42
2025-05-03 15:17:07.757160,Memory Overflow,Site_6,Minor,29.7,20
2025-05-03 20:09:30.027466,Memory Overflow,Site_16,Info,39.2,47
2025-05-03 23:57:09.396792,Interface Flapping,Site_11,Warning,25.0,62
2025-05-04 00:58:10.671101,Packet Loss,Site_12,Major,28.0,147
2025-05-04 01:09:58.324819,Latency Spike,Site_1,Info,23.0,85
2025-05-04 03:02:34.032618,High CPU,Site_19,Info,33.3,153
2025-05-04 05:12:54.412891,Temperature Alert,Site_8,Major,25.3,143
2025-05-04 09:30:18.056677,Config Change,Site_14,Minor,26.4,128
2025-05-04 09:43:14.666924,Latency Spike,Site_14,Warning,20.5,80
2025-05-04 10:28:12.680985,High CPU,Site_19,Critical,23.4,53
2025-05-04 10:52:38.732141,Packet Loss,Site_11,Minor,34.5,17
2025-05-04 11:05:20.808635,Authentication Failure,Site_6,Major,34.9,1
2025-05-04 11:43:09.650342,Packet Loss,Site_17,Info,33.7,164
2025-05-04 12:34:52.483538,Config Change,Site_7,Info,30.2,82
2025-05-04 12:41:58.244316,Packet Loss,Site_6,Info,29.7,2
2025-05-04 16:05:39.949580,Latency Spike,Site_13,Critical,34.4,119
2025-05-04 19:55:49.095536,Memory Overflow,Site_16,Critical,24.8,113
2025-05-05 00:17:06.107381,Authentication Failure,Site_6,Info,22.3,121
2025-05-05 00:36:43.983032,Config Change,Site_9,Info,18.4,140
2025-05-05 02:07:39.004065,Packet Loss,Site_13,Critical,29.5,123
2025-05-05 04:24:11.988364,Interface Flapping,Site_12,Major,28.6,11
2025-05-05 04:49:21.150303,Link Down,Site_17,Major,24.3,40
2025-05-05 05:53:11.633607,Authentication Failure,Site_1,Minor,24.2,150
2025-05-05 06:17:46.306907,Temperature Alert,Site_1,Major,34.9,103
2025-05-05 09:03:03.008918,Temperature Alert,Site_7,Warning,31.7,31
2025-05-05 09:26:31.432773,Power Issue,Site_20,Major,28.7,144
2025-05-05 09:39:12.598704,Authentication Failure,Site_19,Major,34.0,61
2025-05-05 10:46:09.949332,Packet Loss,Site_20,Info,23.7,155
2025-05-05 11:21:20.168596,Link Down,Site_10,Minor,21.0,4
2025-05-05 14:49:56.288376,Config Change,Site_13,Warning,20.7,180
2025-05-05 16:10:16.144352,High CPU,Site_15,Minor,20.5,73
2025-05-05 19:47:53.058417,Latency Spike,Site_12,Info,21.9,10
2025-05-05 21:24:36.995605,Latency Spike,Site_18,Info,33.3,53
2025-05-05 22:11:16.184571,Link Down,Site_7,Minor,19.6,99
2025-05-05 23:35:18.486047,Packet Loss,Site_7,Warning,34.5,98
2025-05-06 01:48:59.588208,Temperature Alert,Site_11,Info,29.0,125
2025-05-06 01:51:41.507337,Interface Flapping,Site_7,Info,21.5,100
2025-05-06 05:29:42.988650,Interface Flapping,Site_18,Info,34.9,135
2025-05-06 07:14:50.099490,Authentication Failure,Site_18,Major,25.2,146
2025-05-06 08:26:08.279432,Temperature Alert,Site_14,Critical,28.2,84
2025-05-06 12:00:02.582927,Power Issue,Site_6,Minor,27.4,37
2025-05-06 14:39:30.489278,Temperature Alert,Site_18,Major,32.7,46
2025-05-06 15:09:55.331826,Config Change,Site_11,Warning,33.0,128
2025-05-06 17:46:00.542988,Power Issue,Site_13,Critical,19.8,129
2025-05-06 21:32:11.282721,Temperature Alert,Site_2,Major,24.3,88
2025-05-06 22:33:32.374450,Interface Flapping,Site_16,Warning,23.3,12
2025-05-06 23:35:59.087722,Config Change,Site_13,Critical,19.8,160
2025-05-07 01:21:24.181372,Packet Loss,Site_6,Info,30.0,66
2025-05-07 02:39:08.321090,Config Change,Site_11,Info,31.3,60
2025-05-07 03:10:31.479525,Authentication Failure,Site_11,Minor,27.4,120
2025-05-07 03:36:39.081168,Power Issue,Site_7,Critical,31.0,80
2025-05-07 03:58:25.834980,Temperature Alert,Site_2,Major,37.0,27
2025-05-07 05:19:56.782684,Authentication Failure,Site_14,Minor,26.2,70
2025-05-07 08:24:47.823271,Authentication Failure,Site_19,Major,18.6,47
2025-05-07 09:50:26.866166,Packet Loss,Site_15,Major,19.3,54
2025-05-07 11:12:02.065887,Latency Spike,Site_6,Warning,25.9,37
2025-05-07 17:42:46.770338,Interface Flapping,Site_12,Major,19.4,167
2025-05-07 18:36:19.780595,Interface Flapping,Site_16,Major,36.9,85
2025-05-07 21:55:50.354282,Config Change,Site_1,Critical,30.3,99
2025-05-08 01:05:18.889222,Packet Loss,Site_17,Info,24.8,105
2025-05-08 01:31:47.573608,Temperature Alert,Site_5,Major,34.7,3
2025-05-08 02:25:39.546690,Latency Spike,Site_10,Info,20.2,10
2025-05-08 06:20:26.186296,Authentication Failure,Site_20,Info,34.1,174
2025-05-08 08:39:20.924969,Latency Spike,Site_20,Minor,19.9,13
2025-05-08 08:47:42.385479,High CPU,Site_2,Warning,36.4,153
2025-05-08 11:38:35.188223,High CPU,Site_1,Critical,31.1,79
2025-05-08 14:50:40.713249,Link Down,Site_13,Info,28.7,21
2025-05-08 16:23:41.543512,Interface Flapping,Site_7,Minor,31.4,89
2025-05-08 19:01:08.954839,Memory Overflow,Site_19,Critical,21.0,141
2025-05-08 19:22:43.484938,Temperature Alert,Site_5,Major,26.5,61
2025-05-08 19:56:35.691193,Power Issue,Site_18,Info,35.0,152
2025-05-08 21:47:07.406126,Temperature Alert,Site_1,Major,31.7,89
2025-05-09 01:03:54.218043,Authentication Failure,Site_16,Warning,38.4,84
2025-05-09 01:35:55.001948,Link Down,Site_2,Warning,25.9,59
2025-05-09 03:44:09.817614,Config Change,Site_8,Critical,21.7,125
2025-05-09 04:51:41.293158,Temperature Alert,Site_20,Critical,32.8,162
2025-05-09 05:18:26.596791,Power Issue,Site_6,Info,24.7,145
2025-05-09 08:11:08.256870,High CPU,Site_13,Warning,18.3,139
2025-05-09 08:41:07.880530,Packet Loss,Site_4,Info,34.7,138
2025-05-09 09:22:27.602352,Packet Loss,Site_1,Warning,28.5,63
2025-05-09 10:30:05.845827,Interface Flapping,Site_12,Major,34.3,153
2025-05-09 13:23:33.541521,Packet Loss,Site_6,Warning,25.0,94
2025-05-09 13:33:22.194626,Interface Flapping,Site_20,Major,32.1,63
2025-05-09 15:48:44.758439,Packet Loss,Site_18,Warning,29.2,131
2025-05-09 19:32:24.081151,Power Issue,Site_10,Major,32.5,49
2025-05-09 20:45:00.517448,Config Change,Site_10,Critical,23.8,9
2025-05-09 23:36:14.025878,Link Down,Site_19,Critical,20.0,165
2025-05-10 00:19:39.540985,Packet Loss,Site_19,Minor,27.7,127
2025-05-10 07:13:15.264662,Link Down,Site_2,Warning,24.2,32
2025-05-10 07:33:20.358332,Packet Loss,Site_2,Warning,27.8,100
2025-05-10 09:12:08.172573,Latency Spike,Site_1,Major,34.9,100
2025-05-10 11:28:40.890055,Power Issue,Site_5,Warning,33.2,20
2025-05-10 15:31:29.161750,Temperature Alert,Site_13,Info,30.1,149
2025-05-10 17:54:51.083442,Temperature Alert,Site_12,Info,21.0,30
2025-05-10 18:00:12.352346,Config Change,Site_7,Warning,26.5,74
2025-05-10 19:56:58.561614,Memory Overflow,Site_13,Critical,19.8,111
2025-05-10 21:15:49.855116,Link Down,Site_15,Info,32.0,31
2025-05-11 00:02:29.410150,Memory Overflow,Site_7,Minor,32.3,121
2025-05-11 00:26:05.320030,Power Issue,Site_5,Warning,34.6,79
2025-05-11 02:04:14.956733,High CPU,Site_17,Minor,34.4,161
2025-05-11 02:19:03.740364,Memory Overflow,Site_17,Info,32.3,14
2025-05-11 03:53:09.744298,Link Down,Site_16,Info,25.4,118
2025-05-11 07:28:24.317594,Packet Loss,Site_16,Major,36.0,76
2025-05-11 09:45:34.229785,Power Issue,Site_6,Info,24.0,113
2025-05-11 11:32:27.770982,Latency Spike,Site_13,Major,32.1,22
2025-05-11 11:43:24.152104,High CPU,Site_14,Critical,28.9,178
2025-05-11 17:10:00.603924,Packet Loss,Site_19,Info,28.0,108
2025-05-12 03:57:55.265217,Memory Overflow,Site_15,Info,33.5,74
2025-05-12 05:29:35.504768,Packet Loss,Site_10,Warning,21.1,180
2025-05-12 06:42:18.150559,Latency Spike,Site_14,Minor,32.1,58
2025-05-12 07:50:15.018962,Temperature Alert,Site_8,Minor,19.6,129
2025-05-12 08:01:25.848993,High CPU,Site_7,Critical,29.6,103
2025-05-12 08:15:55.266916,Link Down,Site_10,Major,23.3,64
2025-05-12 10:14:17.371829,Packet Loss,Site_3,Info,22.8,133
2025-05-12 10:33:14.385675,Config Change,Site_20,Minor,22.6,81
2025-05-12 14:55:44.221816,Temperature Alert,Site_18,Warning,30.4,157
2025-05-12 18:40:41.282741,Config Change,Site_1,Major,23.4,104
2025-05-12 19:09:47.130835,Temperature Alert,Site_16,Major,25.6,151
2025-05-12 19:14:15.180819,Power Issue,Site_11,Critical,19.7,148
2025-05-12 20:45:09.877500,Link Down,Site_12,Major,19.9,120
2025-05-12 20:47:11.666084,Packet Loss,Site_12,Warning,31.6,108
2025-05-12 20:53:16.808602,Power Issue,Site_16,Minor,30.4,25
2025-05-12 21:42:22.935049,Temperature Alert,Site_10,Minor,33.4,172
2025-05-12 22:19:48.379607,Config Change,Site_9,Critical,23.3,1
2025-05-12 23:17:36.679124,Authentication Failure,Site_14,Info,24.2,2
2025-05-12 23:19:13.527471,High CPU,Site_14,Major,24.7,98
2025-05-12 23:23:15.337908,Memory Overflow,Site_10,Critical,19.7,17
2025-05-12 23:59:55.009328,Power Issue,Site_14,Critical,23.8,29
2025-05-13 00:32:19.961930,Config Change,Site_20,Warning,25.0,81
2025-05-13 05:18:32.381213,Memory Overflow,Site_13,Info,28.1,140
2025-05-13 05:49:23.719489,Packet Loss,Site_20,Minor,18.2,138
2025-05-13 05:55:20.591103,Config Change,Site_14,Warning,27.4,161
2025-05-13 07:27:54.518957,Temperature Alert,Site_16,Major,24.2,51
2025-05-13 08:29:55.939894,Link Down,Site_7,Minor,32.8,152
2025-05-13 13:00:15.188420,Packet Loss,Site_7,Major,31.6,50
2025-05-13 14:35:44.172441,Packet Loss,Site_14,Info,27.2,134
2025-05-13 14:36:40.876862,Temperature Alert,Site_2,Major,23.8,105
2025-05-13 15:02:17.001329,Interface Flapping,Site_20,Info,33.3,157
2025-05-13 15:47:14.527976,Link Down,Site_1,Critical,21.5,95
2025-05-13 22:53:29.344998,Packet Loss,Site_1,Minor,18.7,136
2025-05-14 01:30:55.854146,Config Change,Site_14,Critical,29.4,5
2025-05-14 03:01:44.402253,Authentication Failure,Site_5,Info,34.2,59
2025-05-14 08:37:44.033208,Interface Flapping,Site_10,Warning,18.9,12
2025-05-14 08:49:20.839643,Temperature Alert,Site_2,Major,39.2,105
2025-05-14 09:41:27.588528,Interface Flapping,Site_5,Info,23.4,169
2025-05-14 12:06:02.582555,High CPU,Site_17,Critical,23.3,4
2025-05-14 16:54:02.944332,Latency Spike,Site_11,Warning,29.1,78
2025-05-14 16:54:38.555635,Temperature Alert,Site_19,Info,23.4,142
2025-05-14 17:37:57.721170,Latency Spike,Site_5,Critical,24.7,45
2025-05-14 18:18:37.440631,High CPU,Site_16,Critical,35.8,122
2025-05-14 19:26:49.913195,Memory Overflow,Site_16,Major,29.4,82
2025-05-14 20:56:16.211795,High CPU,Site_6,Warning,20.3,45
2025-05-14 21:55:22.573170,Temperature Alert,Site_2,Major,33.4,178
2025-05-14 23:03:41.419702,High CPU,Site_3,Major,30.7,91
2025-05-15 03:34:36.665276,Power Issue,Site_20,Minor,23.0,98
2025-05-15 05:13:02.951086,Authentication Failure,Site_18,Warning,21.1,44
2025-05-15 10:17:07.379277,High CPU,Site_15,Major,31.2,141
2025-05-15 12:13:39.550677,Config Change,Site_4,Critical,28.9,136
2025-05-15 13:44:43.334143,Config Change,Site_10,Warning,30.3,157
2025-05-15 14:01:06.830469,Temperature Alert,Site_7,Major,24.3,40
2025-05-15 14:47:33.903004,Temperature Alert,Site_16,Major,40.0,127
2025-05-15 18:37:35.127413,Config Change,Site_7,Warning,19.9,12
2025-05-15 19:44:01.911260,Temperature Alert,Site_8,Warning,31.3,48
2025-05-15 20:04:40.050062,Memory Overflow,Site_14,Critical,33.3,165
2025-05-15 22:48:23.886955,Authentication Failure,Site_10,Major,33.3,56
2025-05-16 00:40:02.221990,Latency Spike,Site_9,Major,31.7,63
2025-05-16 05:46:08.494032,High CPU,Site_11,Info,18.6,156
2025-05-16 07:40:27.278013,Power Issue,Site_14,Minor,20.4,113
2025-05-16 09:57:32.987691,Memory Overflow,Site_7,Warning,18.3,67
2025-05-16 10:14:38.617034,Temperature Alert,Site_2,Major,39.1,27
2025-05-16 14:12:19.127144,Memory Overflow,Site_18,Warning,19.8,27
2025-05-16 14:26:55.318091,Memory Overflow,Site_1,Critical,20.4,21
2025-05-16 15:44:31.488057,Packet Loss,Site_16,Major,24.3,105
2025-05-16 17:12:11.093077,Memory Overflow,Site_13,Critical,33.6,97
2025-05-16 21:06:40.397672,Memory Overflow,Site_6,Info,18.1,51
2025-05-16 23:44:26.105167,Authentication Failure,Site_11,Minor,25.6,38
2025-05-17 01:59:12.788488,Packet Loss,Site_17,Minor,25.3,145
2025-05-17 04:17:35.132499,Memory Overflow,Site_3,Major,19.2,53
2025-05-17 05:31:33.514517,Packet Loss,Site_15,Minor,22.4,98
2025-05-17 06:21:56.778473,Link Down,Site_8,Warning,34.4,93
2025-05-17 07:55:25.989059,Packet Loss,Site_8,Major,33.7,116
2025-05-17 14:57:44.604980,Temperature Alert,Site_5,Major,39.3,169
2025-05-17 20:55:22.238243,Packet Loss,Site_1,Major,31.1,179
2025-05-17 21:24:51.375218,Config Change,Site_8,Warning,23.1,81
2025-05-17 22:38:00.161928,Latency Spike,Site_18,Info,27.0,61
2025-05-18 01:43:13.837135,Link Down,Site_2,Minor,33.3,113
2025-05-18 02:06:34.310477,Config Change,Site_6,Major,30.2,137
2025-05-18 03:03:39.711773,Power Issue,Site_18,Critical,25.3,15
2025-05-18 03:17:44.333961,Packet Loss,Site_10,Warning,25.7,129
2025-05-18 07:03:49.054647,Memory Overflow,Site_16,Warning,39.9,165
2025-05-18 09:05:45.783325,High CPU,Site_14,Minor,30.0,8
2025-05-18 09:10:25.312507,Config Change,Site_14,Minor,34.7,160
2025-05-18 11:44:47.235787,Link Down,Site_9,Warning,18.6,109
2025-05-18 12:27:43.562633,Power Issue,Site_1,Major,27.3,141
2025-05-18 15:24:42.083317,Latency Spike,Site_15,Major,27.7,78
2025-05-18 16:46:57.572751,Temperature Alert,Site_16,Major,32.5,40
2025-05-18 17:26:01.706586,Temperature Alert,Site_13,Warning,25.9,58
2025-05-18 17:31:05.096304,Link Down,Site_7,Critical,22.5,28
2025-05-18 23:26:21.224440,Latency Spike,Site_8,Info,28.8,34
2025-05-18 23:42:37.692089,Config Change,Site_11,Minor,32.3,164
2025-05-19 00:43:52.760432,Authentication Failure,Site_11,Info,23.9,80
2025-05-19 02:29:25.651150,Memory Overflow,Site_12,Info,22.8,5
2025-05-19 04:28:45.839931,High CPU,Site_9,Warning,28.9,2
2025-05-19 07:17:05.792414,Memory Overflow,Site_9,Major,20.9,162
2025-05-19 08:48:26.551363,High CPU,Site_19,Warning,23.6,112
2025-05-19 09:18:09.253815,Power Issue,Site_18,Warning,33.5,152
2025-05-19 11:10:48.838419,Interface Flapping,Site_13,Critical,19.8,137
2025-05-19 14:39:40.049989,Packet Loss,Site_7,Major,25.0,175
2025-05-19 18:20:54.893640,Interface Flapping,Site_16,Info,38.8,51
2025-05-19 18:30:23.094674,Authentication Failure,Site_5,Warning,29.4,137
2025-05-19 19:34:31.532248,Temperature Alert,Site_16,Major,24.3,86
2025-05-19 22:02:19.968528,High CPU,Site_19,Info,25.4,74
2025-05-19 23:18:35.211114,Power Issue,Site_1,Minor,28.5,78
2025-05-20 03:19:22.956126,Latency Spike,Site_20,Info,21.5,89
2025-05-20 03:24:41.548289,Temperature Alert,Site_16,Major,33.3,124
2025-05-20 05:43:50.592190,Authentication Failure,Site_6,Warning,19.6,45
2025-05-20 06:15:02.771813,Interface Flapping,Site_10,Critical,31.5,84
2025-05-20 08:45:43.294602,High CPU,Site_11,Critical,26.9,152
2025-05-20 09:07:52.670533,High CPU,Site_14,Warning,28.5,75
2025-05-20 19:05:12.054105,Config Change,Site_18,Warning,21.6,159
2025-05-21 00:35:38.593331,Authentication Failure,Site_12,Info,29.5,41
2025-05-21 01:05:31.572031,Config Change,Site_3,Major,24.8,156
2025-05-21 02:24:35.199817,Temperature Alert,Site_17,Minor,32.6,138
2025-05-21 02:37:06.772309,High CPU,Site_18,Info,27.4,70
2025-05-21 04:38:28.493277,Memory Overflow,Site_18,Critical,33.1,51
2025-05-21 05:09:34.022133,Power Issue,Site_8,Critical,25.4,79
2025-05-21 13:28:57.020927,Authentication Failure,Site_9,Warning,29.9,30
2025-05-21 13:33:09.171594,Temperature Alert,Site_16,Major,35.2,20
2025-05-21 16:41:02.711652,Temperature Alert,Site_16,Major,26.4,55
2025-05-21 22:50:19.514694,Link Down,Site_13,Minor,20.0,24
2025-05-22 03:53:45.376839,High CPU,Site_9,Minor,20.1,15
2025-05-22 05:48:07.963421,Memory Overflow,Site_9,Info,33.3,81
2025-05-22 06:11:16.460220,Latency Spike,Site_4,Info,27.8,21
2025-05-22 06:43:04.418405,Link Down,Site_12,Info,18.3,2
2025-05-22 10:09:11.065293,Temperature Alert,Site_16,Major,26.6,80
2025-05-22 16:50:43.510257,Temperature Alert,Site_16,Critical,33.1,99
2025-05-23 00:17:00.967215,High CPU,Site_17,Minor,22.0,7
2025-05-23 02:16:40.177351,Memory Overflow,Site_18,Critical,31.4,10
2025-05-23 02:28:02.647255,Power Issue,Site_13,Minor,28.3,146
2025-05-23 03:52:28.377572,Power Issue,Site_13,Info,32.8,14
2025-05-23 08:19:39.616009,Authentication Failure,Site_10,Major,34.6,129
2025-05-23 09:41:01.718613,High CPU,Site_3,Info,28.9,94
2025-05-23 13:32:21.365745,High CPU,Site_10,Major,28.6,132
2025-05-23 14:36:18.836808,Latency Spike,Site_6,Warning,35.0,74
2025-05-23 20:14:16.131013,High CPU,Site_15,Warning,22.0,177
2025-05-23 23:24:51.221073,Memory Overflow,Site_15,Major,28.4,94
2025-05-24 01:25:24.342012,Config Change,Site_1,Minor,30.9,143
2025-05-24 04:35:12.985368,Link Down,Site_2,Info,29.0,49
2025-05-24 06:26:46.533620,Authentication Failure,Site_17,Info,27.9,76
2025-05-24 08:28:44.522292,High CPU,Site_18,Info,18.8,19
2025-05-24 11:18:45.289117,Link Down,Site_20,Major,22.5,178
2025-05-24 17:46:10.874779,Authentication Failure,Site_15,Warning,34.2,70
2025-05-24 18:40:08.489121,High CPU,Site_11,Minor,18.3,26
2025-05-24 21:36:20.279246,Interface Flapping,Site_1,Major,32.7,22
2025-05-25 04:30:13.831986,High CPU,Site_18,Critical,33.0,168
2025-05-25 04:41:31.953881,Link Down,Site_20,Info,31.3,74
2025-05-25 05:51:13.164680,Config Change,Site_6,Critical,29.0,131
2025-05-25 08:14:16.135197,Latency Spike,Site_14,Info,27.5,26
2025-05-25 09:37:17.658118,Power Issue,Site_12,Critical,18.3,14
2025-05-25 11:46:03.275050,Config Change,Site_16,Critical,33.5,13
2025-05-25 13:27:07.947508,High CPU,Site_2,Warning,27.5,70
2025-05-25 13:29:14.714101,Power Issue,Site_1,Info,27.5,63
2025-05-25 16:28:09.818200,Memory Overflow,Site_14,Info,18.5,26
2025-05-25 18:36:10.153682,Memory Overflow,Site_9,Major,25.4,89
2025-05-25 20:32:10.759615,High CPU,Site_1,Minor,32.0,106
2025-05-25 23:43:44.311980,Config Change,Site_14,Info,23.5,50
2025-05-26 04:46:28.201412,Latency Spike,Site_1,Major,33.6,41
2025-05-26 04:52:24.585968,Interface Flapping,Site_15,Minor,28.2,18
2025-05-26 07:53:18.707714,Packet Loss,Site_9,Critical,26.5,35
2025-05-26 12:21:27.033629,Temperature Alert,Site_18,Info,23.3,131
2025-05-26 13:14:09.681045,Interface Flapping,Site_19,Info,28.3,86
2025-05-26 15:24:55.694416,Memory Overflow,Site_13,Major,18.9,15
2025-05-26 20:54:11.993430,Memory Overflow,Site_17,Minor,27.7,39
2025-05-26 22:15:00.059026,Latency Spike,Site_13,Warning,28.4,122
2025-05-26 22:42:54.182564,Interface Flapping,Site_7,Info,28.1,71
2025-05-27 00:05:30.797481,Packet Loss,Site_11,Minor,19.4,10
2025-05-27 00:56:20.688664,Power Issue,Site_4,Warning,31.8,163
2025-05-27 04:29:52.723574,Temperature Alert,Site_13,Critical,34.6,59
2025-05-27 07:51:35.851171,High CPU,Site_5,Major,32.4,102
2025-05-27 10:28:31.725210,Memory Overflow,Site_5,Info,26.3,79
2025-05-27 14:23:37.640125,Packet Loss,Site_17,Info,23.0,101
2025-05-27 18:28:14.579074,Authentication Failure,Site_5,Minor,37.8,31
2025-05-27 20:55:22.450577,Authentication Failure,Site_8,Info,22.9,50
2025-05-27 21:09:16.368423,Memory Overflow,Site_5,Major,36.4,119
2025-05-27 22:12:58.897115,Temperature Alert,Site_2,Critical,34.7,167
2025-05-27 23:20:49.154871,Latency Spike,Site_2,Info,23.1,115
2025-05-28 00:27:16.684570,Temperature Alert,Site_2,Major,37.4,46
2025-05-28 01:29:56.072829,Temperature Alert,Site_2,Info,27.5,161
2025-05-28 06:01:46.667660,Memory Overflow,Site_5,Critical,27.0,140
2025-05-28 06:29:36.780040,High CPU,Site_16,Warning,31.1,100
2025-05-28 08:29:31.329891,Memory Overflow,Site_20,Major,25.2,92
2025-05-28 11:13:56.501722,Interface Flapping,Site_1,Major,27.4,97
2025-05-28 14:58:02.270997,Authentication Failure,Site_10,Info,31.7,114
2025-05-28 21:00:06.134818,Packet Loss,Site_12,Major,24.0,154
2025-05-28 22:54:37.993285,Link Down,Site_7,Warning,27.8,148
2025-05-28 23:47:44.881586,High CPU,Site_9,Major,33.1,169
2025-05-29 06:47:57.833973,Memory Overflow,Site_9,Major,18.1,23
2025-05-29 11:53:38.165246,Memory Overflow,Site_12,Info,34.9,152
2025-05-29 13:12:00.313611,High CPU,Site_4,Info,18.5,77
2025-05-29 14:01:53.950167,Config Change,Site_19,Minor,29.0,21
2025-05-29 16:12:32.377659,Memory Overflow,Site_3,Major,22.6,45
2025-05-29 16:30:21.747660,Authentication Failure,Site_17,Warning,19.1,45
2025-05-29 23:15:48.660108,Interface Flapping,Site_1,Critical,18.9,156
2025-05-30 00:19:18.016247,Memory Overflow,Site_13,Warning,20.1,39
2025-05-30 03:07:51.477914,Config Change,Site_2,Info,37.8,88
2025-05-30 07:51:31.705998,High CPU,Site_10,Major,25.3,117
2025-05-30 07:52:38.654361,Memory Overflow,Site_10,Critical,25.0,51
2025-05-30 15:49:44.092093,Memory Overflow,Site_9,Major,33.8,49
2025-05-30 16:58:36.431710,Power Issue,Site_19,Minor,27.4,115
2025-05-30 19:43:19.686934,Temperature Alert,Site_2,Warning,23.6,160
2025-05-30 20:43:01.988510,Power Issue,Site_8,Critical,26.8,136
2025-05-30 21:18:18.256696,Authentication Failure,Site_6,Major,28.5,152
2025-05-31 06:58:43.576997,Authentication Failure,Site_1,Minor,31.8,28
2025-05-31 08:56:23.404894,Config Change,Site_1,Critical,29.1,70
2025-05-31 09:07:02.993952,High CPU,Site_18,Warning,28.5,177
2025-05-31 13:31:59.882094,High CPU,Site_10,Critical,23.8,165
2025-05-31 13:50:35.823096,Memory Overflow,Site_10,Info,23.0,102
2025-05-31 14:20:50.601060,Power Issue,Site_3,Warning,20.7,23
2025-05-31 17:26:39.615623,Config Change,Site_7,Warning,25.2,121
2025-05-31 22:24:53.508259,Interface Flapping,Site_16,Warning,27.0,143
2025-06-01 02:11:18.244357,Packet Loss,Site_5,Major,26.1,115
2025-06-01 06:11:04.844481,Packet Loss,Site_20,Critical,26.3,128
2025-06-01 06:34:33.015367,High CPU,Site_19,Critical,26.1,105
2025-06-01 09:46:40.657489,Memory Overflow,Site_19,Minor,27.6,45
2025-06-01 11:05:10.242647,Config Change,Site_15,Major,21.8,152
2025-06-01 12:50:00.536855,Temperature Alert,Site_2,Major,37.9,71
2025-06-01 13:51:10.675182,Authentication Failure,Site_20,Major,26.0,137
2025-06-01 14:04:58.638748,Temperature Alert,Site_5,Major,27.1,98
2025-06-01 15:00:56.501184,Link Down,Site_11,Critical,21.0,112
2025-06-01 21:01:57.497777,Packet Loss,Site_11,Minor,25.7,177
2025-06-01 21:42:27.874256,Link Down,Site_8,Major,20.2,39
2025-06-01 21:53:58.395540,Packet Loss,Site_8,Minor,25.8,13
2025-06-01 22:02:19.267643,Temperature Alert,Site_14,Major,28.3,148
2025-06-01 22:16:17.976550,Memory Overflow,Site_14,Info,22.4,66
2025-06-02 00:23:03.426485,Temperature Alert,Site_5,Major,24.5,121
2025-06-02 01:02:37.063655,Temperature Alert,Site_2,Major,36.1,58
2025-06-02 02:26:12.794820,Latency Spike,Site_13,Info,31.1,79
2025-06-02 05:22:00.390564,Link Down,Site_12,Minor,23.4,166
2025-06-02 07:03:11.486867,Packet Loss,Site_13,Critical,30.5,92
2025-06-02 09:29:19.772119,Config Change,Site_12,Critical,21.7,27
2025-06-02 11:29:18.543614,Power Issue,Site_15,Major,24.2,47
2025-06-02 11:34:18.237471,Temperature Alert,Site_2,Major,38.5,6
2025-06-02 15:58:37.683513,Link Down,Site_4,Info,25.0,152
2025-06-02 21:19:51.585523,Config Change,Site_15,Critical,22.9,145
2025-06-03 00:13:26.879742,Link Down,Site_1,Warning,34.3,113
2025-06-03 00:16:58.447092,High CPU,Site_3,Major,19.6,162
2025-06-03 01:27:51.274040,Memory Overflow,Site_3,Info,31.3,82
2025-06-03 05:59:50.533606,Memory Overflow,Site_16,Critical,34.9,138
2025-06-03 10:27:06.135373,Packet Loss,Site_13,Critical,20.6,64
2025-06-03 12:03:03.307047,Authentication Failure,Site_15,Minor,21.2,84
2025-06-03 12:30:05.408851,Packet Loss,Site_16,Warning,25.2,149
2025-06-03 12:49:03.617129,Memory Overflow,Site_19,Major,28.0,63
2025-06-03 14:51:05.533082,Config Change,Site_20,Major,21.5,83
2025-06-03 17:51:12.800738,High CPU,Site_19,Major,18.5,38
2025-06-03 20:30:16.158310,High CPU,Site_9,Major,33.9,65
2025-06-03 23:42:56.204901,Temperature Alert,Site_15,Critical,21.0,12
2025-06-04 10:41:36.858920,Config Change,Site_2,Major,38.3,120
2025-06-04 10:58:45.994372,Config Change,Site_4,Minor,28.1,70
2025-06-04 13:00:54.156006,Memory Overflow,Site_7,Warning,20.6,26
2025-06-04 13:35:52.946188,Memory Overflow,Site_6,Info,20.0,146
2025-06-04 14:20:36.859422,Link Down,Site_15,Warning,31.2,167
2025-06-04 14:55:41.640031,Config Change,Site_5,Info,37.2,21
2025-06-04 18:09:27.726162,Config Change,Site_14,Major,30.9,88
2025-06-04 20:35:25.593073,Config Change,Site_15,Info,33.0,87
2025-06-04 21:10:41.253569,Config Change,Site_20,Minor,32.2,136
2025-06-04 23:26:31.435513,Temperature Alert,Site_2,Major,40.0,119
2025-06-05 04:12:03.466849,Memory Overflow,Site_19,Critical,31.3,74
2025-06-05 05:05:47.392658,Packet Loss,Site_20,Minor,34.1,6
2025-06-05 05:14:08.945794,Interface Flapping,Site_5,Info,32.8,60
2025-06-05 06:36:00.769149,Packet Loss,Site_19,Info,31.6,175
2025-06-05 11:27:27.424795,Power Issue,Site_18,Info,19.2,23
2025-06-05 13:55:54.705819,Latency Spike,Site_12,Major,20.5,63
2025-06-05 17:46:44.320007,Memory Overflow,Site_6,Minor,32.9,52
2025-06-05 23:56:14.455828,Temperature Alert,Site_3,Info,23.7,138
2025-06-06 00:57:24.304997,Config Change,Site_6,Warning,23.1,28
2025-06-06 04:01:42.918815,Authentication Failure,Site_6,Minor,18.6,108
2025-06-06 04:19:52.554321,Authentication Failure,Site_11,Warning,18.8,20
2025-06-06 04:48:17.958692,High CPU,Site_12,Warning,20.9,174
2025-06-06 05:07:33.466296,Link Down,Site_11,Major,24.0,40
